Artist,Track,URL,MP3_Path,Debut_Year,Debut_Score,Max,Mean,Std,Length,Sum,Skewness,Kurtosis,Artist_Popularity,Track_Popularity
米津玄師,LOSER,https://open.spotify.com/track/7AqUE5AY514dbzeOAfJRa0,./downloaded_mp3/米津玄師_LOSER.mp3,2016,68,98,49.6,26.78,128,6349,-0.16,-1.03,80,67
欅坂46,サイレントマジョリティー,https://open.spotify.com/track/6vqGGV7ZGWYFRg5EtlcuN5,./downloaded_mp3/欅坂46_サイレントマジョリティー.mp3,2016,13,100,55.03,25.21,149,8200,-0.32,-0.91,49,53
星野源,恋,https://open.spotify.com/track/5Hu29JT4xtbRUBTZeOAjxW,./downloaded_mp3/星野源_恋.mp3,2016,59,100,58.97,33.03,139,8197,-0.23,-1.44,66,61
TWICE,TT,https://open.spotify.com/track/0x3fUdLjlYlO35v979kI3q,./downloaded_mp3/TWICE_TT.mp3,2016,85,98,62.77,22.85,112,7030,-0.43,-0.64,84,36
清水翔太,My Boo,https://open.spotify.com/track/0DxfR2OYoEbSOmmUtWcRIE,./downloaded_mp3/清水翔太_My Boo.mp3,2016,63,91,40.86,29.38,37,1512,0.25,-1.41,65,61
WANIMA,ともに,https://open.spotify.com/track/6FHgHDXiGnRfhrSok9xAz3,./downloaded_mp3/WANIMA_ともに.mp3,2016,24,99,43.89,24.59,61,2677,0.25,-0.69,60,66
RADWIMPS,スパークル,https://open.spotify.com/track/1HdqMIGjLm8wkL4vWDcFPm,./downloaded_mp3/RADWIMPS_スパークル.mp3,2016,52,97,52.97,27.72,36,1907,-0.01,-1.27,75,64
RADWIMPS,前前前世,https://open.spotify.com/track/3OWQGA40CgyZ7AHhVTOe34,./downloaded_mp3/RADWIMPS_前前前世.mp3,2016,48,100,66.67,26.93,79,5267,-0.35,-1.05,75,57
GENERATIONS from EXILE TRIBE,AGEHA,https://open.spotify.com/track/0TXCOsFk3sidzHIrctvwdT,./downloaded_mp3/GENERATIONS from EXILE TRIBE_AGEHA.mp3,2016,23,100,60.93,30.25,14,853,-0.54,-1.2,52,28
TWICE,CHEER UP,https://open.spotify.com/track/44hrbxek4FUjgtN37TpEUQ,./downloaded_mp3/TWICE_CHEER UP.mp3,2016,18,78,40.5,18.79,36,1458,0.18,-0.91,84,37
欅坂46,二人セゾン,https://open.spotify.com/track/44fGPzKNrVI7TO4rPI331S,./downloaded_mp3/欅坂46_二人セゾン.mp3,2016,4,100,52.52,31.47,46,2416,-0.13,-1.44,49,47
宇多田ヒカル,花束を君に,https://open.spotify.com/track/31yv1hR9gw1WSEmtqsaZbD,./downloaded_mp3/宇多田ヒカル_花束を君に.mp3,2016,13,99,48.4,29.98,45,2178,0.02,-1.41,73,65
Perfume,FLASH,https://open.spotify.com/track/2IwBJv9KZb486qnRTUchWf,./downloaded_mp3/Perfume_FLASH.mp3,2016,7,99,45.58,33.93,45,2051,0.27,-1.47,57,52
手嶌葵,明日への手紙,https://open.spotify.com/track/2dUYxBbmtmNfanhSLbRcry,./downloaded_mp3/手嶌葵_明日への手紙.mp3,2016,56,100,81.0,20.38,19,1539,-1.29,0.72,52,59
T.M.Revolution,HOT LIMIT,https://open.spotify.com/track/6CyfYaQZe5ytEDdshdtEeC,./downloaded_mp3/T.M.Revolution_HOT LIMIT.mp3,2016,62,68,54.67,18.15,3,164,-0.34,-2.33,53,46
Aqours,恋になりたいAQUARIUM,https://open.spotify.com/track/3nxrLaPGlW1EsAWn23bcPX,./downloaded_mp3/Aqours_恋になりたいAQUARIUM.mp3,2016,48,98,61.25,34.36,4,245,-0.11,-2.13,44,33
RADWIMPS,夢灯籠,https://open.spotify.com/track/7swTJOnvm3zEg7QdmJs52T,./downloaded_mp3/RADWIMPS_夢灯籠.mp3,2016,3,94,57.43,31.93,14,804,-0.42,-1.29,75,63
乃木坂46,ハルジオンが咲く頃,https://open.spotify.com/track/3H2Wvju9hjz9Tobx5BqR8j,./downloaded_mp3/乃木坂46_ハルジオンが咲く頃.mp3,2016,97,100,82.45,14.71,11,907,-0.53,-1.07,61,38
SKE48,チキンLINE,https://open.spotify.com/track/3nJzhZA4NFD0B7JNACgxT6,./downloaded_mp3/SKE48_チキンLINE.mp3,2016,94,100,52.0,29.21,15,780,0.12,-1.45,33,14
三代目 J Soul Brothers from EXILE TRIBE,Feel So Alive,https://open.spotify.com/track/6DLm1nBMrykpfSJMXuTYxE,./downloaded_mp3/三代目 J Soul Brothers from EXILE TRIBE_Feel So Alive.mp3,2016,92,99,70.5,25.11,12,846,-0.62,-0.93,55,39
ONE OK ROCK,Always coming back,https://open.spotify.com/track/2NwGpjVtyRJm7WwkB98rrP,./downloaded_mp3/ONE OK ROCK_Always coming back.mp3,2016,90,92,64.33,31.96,12,772,-0.79,-1.04,71,44
aiko,もっと,https://open.spotify.com/track/72McqMxHzbhXzNjr5catNy,./downloaded_mp3/aiko_もっと.mp3,2016,85,99,62.78,26.57,18,1130,-0.2,-1.25,62,46
RADIO FISH,PERFECT HUMAN,https://open.spotify.com/track/2Mm0S1T5lgPy0YTXUxeIJQ,./downloaded_mp3/RADIO FISH_PERFECT HUMAN.mp3,2016,81,98,59.12,26.91,26,1537,-0.32,-1.31,31,47
anderlust,帰り道,https://open.spotify.com/track/6xOzvodT6TG931fddF4d0h,./downloaded_mp3/anderlust_帰り道.mp3,2016,80,80,70.67,10.69,3,212,-0.21,-2.33,12,25
ワルキューレ,いけないボーダーライン,https://open.spotify.com/track/0OYGXK8T2oyWBSsehn44g9,./downloaded_mp3/ワルキューレ_いけないボーダーライン.mp3,2016,79,89,56.8,26.17,10,568,-0.53,-1.06,43,44
西野カナ,あなたの好きなところ,https://open.spotify.com/track/5k24cAgfb6WH5YxEYgU3fm,./downloaded_mp3/西野カナ_あなたの好きなところ.mp3,2016,78,99,65.55,25.75,22,1442,-0.69,-0.41,63,50
AKB48,君はメロディー,https://open.spotify.com/track/2H95JsPPB6ZmV0Ji1CTgQf,./downloaded_mp3/AKB48_君はメロディー.mp3,2016,72,100,58.33,30.68,12,700,0.15,-1.79,56,36
ケツメイシ,さらば涙,https://open.spotify.com/track/0Z0QXCkQZtE0BvkL8uaZ4v,./downloaded_mp3/ケツメイシ_さらば涙.mp3,2016,70,92,60.67,24.4,18,1092,-0.8,-0.26,57,42
ASIAN KUNG-FU GENERATION,Re:Re:,https://open.spotify.com/track/0WaaPFt4Qy8sVfxKz43bCD,./downloaded_mp3/ASIAN KUNG-FU GENERATION_Re:Re:.mp3,2016,69,94,50.0,34.9,9,450,0.02,-1.88,61,62
GReeeeN,始まりの唄,https://open.spotify.com/track/6mpGt65kBVdfAsahsHF5PM,./downloaded_mp3/GReeeeN_始まりの唄.mp3,2016,68,78,51.17,24.49,6,307,-0.5,-1.48,62,41
ナオト・インティライミ,together,https://open.spotify.com/track/1RlEr7odyuELLcjRKtkFgt,./downloaded_mp3/ナオト・インティライミ_together.mp3,2016,63,74,58.4,10.16,5,292,0.52,-1.7,46,28
BABYMETAL,KARATE,https://open.spotify.com/track/6D5HtLGzzS9IIY5Oyf9JwY,./downloaded_mp3/BABYMETAL_KARATE.mp3,2016,59,84,49.83,29.6,12,598,-0.41,-1.36,69,34
Crystal Kay,サクラ,https://open.spotify.com/track/4UMLZQna0fmdad9Tmxfeyd,./downloaded_mp3/Crystal Kay_サクラ.mp3,2016,57,79,50.0,29.15,5,250,-0.15,-2.18,50,18
A応P,全力バタンキュー,https://open.spotify.com/track/3NvTAvoxc5kNr6kYTz1ypk,./downloaded_mp3/A応P_全力バタンキュー.mp3,2016,54,97,53.08,29.92,13,690,-0.06,-1.41,32,35
三浦大知,Cry & Fight,https://open.spotify.com/track/54arNmYZ2K82lESCAkQEho,./downloaded_mp3/三浦大知_Cry & Fight.mp3,2016,51,93,45.62,29.51,8,365,0.02,-1.32,50,27
BLUE ENCOUNT,Survivor,https://open.spotify.com/track/76X16LOhkwkDXPEMQzkLFV,./downloaded_mp3/BLUE ENCOUNT_Survivor.mp3,2016,39,95,63.0,26.43,6,378,-0.2,-1.83,52,49
嵐,復活LOVE,https://open.spotify.com/track/5urAww9E1uYT0WAFMGFObF,./downloaded_mp3/嵐_復活LOVE.mp3,2016,35,100,61.93,30.41,15,929,-0.26,-1.7,66,33
NEWS,QUARTETTO,https://open.spotify.com/track/5xXAnOeitxz9tPR8AXGr0Z,./downloaded_mp3/NEWS_QUARTETTO.mp3,2016,32,83,63.83,19.97,6,383,-0.5,-1.62,54,21
秦基博,スミレ,https://open.spotify.com/track/2q3ZQMkxmBYlNqDSQw6bgI,./downloaded_mp3/秦基博_スミレ.mp3,2016,15,92,54.64,26.28,11,601,-0.12,-1.51,57,40
EXILE ATSUSHI + AI,No more,https://open.spotify.com/track/2UkG8Zd2mYHinZafZjDLcJ,./downloaded_mp3/EXILE ATSUSHI + AI_No more.mp3,2016,13,97,68.33,31.1,6,410,-0.76,-1.16,44,18
BUMP OF CHICKEN,Butterfly,https://open.spotify.com/track/2L0B42R9RNk5Wx23ZCqglF,./downloaded_mp3/BUMP OF CHICKEN_Butterfly.mp3,2016,10,91,51.64,34.04,11,568,-0.04,-1.86,64,44
高橋優,さくらのうた,https://open.spotify.com/track/0GFJMmhA2zt7c0x8TMV5td,./downloaded_mp3/高橋優_さくらのうた.mp3,2016,7,90,51.2,32.98,5,256,-0.13,-1.9,49,24
家入レオ,僕たちの未来,https://open.spotify.com/track/7qVO7jU1bXfZZVrHxDpHl3,./downloaded_mp3/家入レオ_僕たちの未来.mp3,2016,4,94,56.07,26.31,15,841,-0.56,-1.0,52,41
[Alexandros],NEW WALL,https://open.spotify.com/track/4nFclYLQlCHvEmsvDSbYud,./downloaded_mp3/[Alexandros]_NEW WALL.mp3,2016,3,89,49.2,38.56,5,246,-0.22,-2.17,58,27
スピッツ,みなと,https://open.spotify.com/track/2ntQxD8vf8suUCiRPzjNpv,./downloaded_mp3/スピッツ_みなと.mp3,2016,2,95,56.9,33.39,10,569,-0.33,-1.64,66,48
μ's,MOMENT RING,https://open.spotify.com/track/0it9FhKT65mkHab7BnXENu,./downloaded_mp3/μ's_MOMENT RING.mp3,2016,1,99,60.0,34.98,6,360,-0.53,-1.33,45,29
HKT48,74億分の1の君へ,https://open.spotify.com/track/4W81NsjSTD9fhAEseyJiGL,./downloaded_mp3/HKT48_74億分の1の君へ.mp3,2016,100,100,55.75,30.09,8,446,0.06,-1.71,33,15
宇多田ヒカル,真夏の通り雨,https://open.spotify.com/track/5RBDrY6VWBo4zHqajx8mLw,./downloaded_mp3/宇多田ヒカル_真夏の通り雨.mp3,2016,96,96,63.86,35.35,7,447,-0.49,-1.67,73,50
KEYTALK,HELLO WONDERLAND,https://open.spotify.com/track/6coiT86zuLj5C7bWinl6ZE,./downloaded_mp3/KEYTALK_HELLO WONDERLAND.mp3,2016,90,90,39.67,45.63,3,119,0.24,-2.33,38,22
CHiCO with HoneyWorks,恋色に咲け,https://open.spotify.com/track/43s0nzuQXAyddIMRnsoFY3,./downloaded_mp3/CHiCO with HoneyWorks_恋色に咲け.mp3,2016,84,84,55.5,26.15,4,222,-0.1,-2.1,53,35
きゃりーぱみゅぱみゅ,最&高,https://open.spotify.com/track/1YBIJ2pNf1MmuDEnaqboQx,./downloaded_mp3/きゃりーぱみゅぱみゅ_最&高.mp3,2016,29,90,52.67,27.96,9,474,0.07,-1.64,52,35
9mm Parabellum Bullet,Lost!!,https://open.spotify.com/track/3yiTDaGqHx46tZemetaxg7,./downloaded_mp3/9mm Parabellum Bullet_Lost!!.mp3,2016,4,15,11.0,6.08,3,33,-0.37,-2.33,43,14
BLUE ENCOUNT,はじまり,https://open.spotify.com/track/5OG4kAVoeJDpsXTtn5CvLC,./downloaded_mp3/BLUE ENCOUNT_はじまり.mp3,2016,94,94,60.5,31.42,4,242,-0.02,-2.26,52,18
ゲスの極み乙女。,両成敗でいいじゃない,https://open.spotify.com/track/0ysBn0JC1qvl72ATXzkbd5,./downloaded_mp3/ゲスの極み乙女。_両成敗でいいじゃない.mp3,2016,91,91,68.83,28.03,6,413,-1.03,-0.62,53,43
加藤ミリヤ,FUTURE LOVER-未来恋人-,https://open.spotify.com/track/5JNhZf0hztvQIsCSbn8GFy,./downloaded_mp3/加藤ミリヤ_FUTURE LOVER-未来恋人-.mp3,2016,71,71,37.33,32.13,3,112,0.1,-2.33,55,14
ASIAN KUNG-FU GENERATION,Right Now,https://open.spotify.com/track/4T8ao1I8KnjpkQFWPzuZzf,./downloaded_mp3/ASIAN KUNG-FU GENERATION_Right Now.mp3,2016,65,79,54.0,31.95,3,162,-0.3,-2.33,61,22
NakamuraEmi,YAMABIKO,https://open.spotify.com/track/0H7sridQoXwfKbnUNBdhrb,./downloaded_mp3/NakamuraEmi_YAMABIKO.mp3,2016,62,85,65.6,22.01,5,328,-0.63,-1.45,32,33
Suchmos,STAY TUNE,https://open.spotify.com/track/1KKc8f9ZiKFzOeRJJ3SYn7,./downloaded_mp3/Suchmos_STAY TUNE.mp3,2016,56,91,51.7,25.37,53,2740,-0.4,-0.78,55,62
ナオト・インティライミ,未来へ,https://open.spotify.com/track/1J9f5MSGN55Rec8ZxtoMop,./downloaded_mp3/ナオト・インティライミ_未来へ.mp3,2016,45,84,42.6,29.35,5,213,0.03,-1.47,46,44
スガシカオ,真夜中の虹,https://open.spotify.com/track/3aRGr7YPLknm2saap2kS1e,./downloaded_mp3/スガシカオ_真夜中の虹.mp3,2016,42,80,56.5,20.94,4,226,0.08,-2.29,42,20
NEWS,ヒカリノシズク,https://open.spotify.com/track/7BijXU7l6GFS4aShGwnKPL,./downloaded_mp3/NEWS_ヒカリノシズク.mp3,2016,32,100,48.33,39.68,6,290,0.12,-1.98,54,24
乃木坂46,裸足でSummer,https://open.spotify.com/track/288SNOHYZizb3jZ6U6DByY,./downloaded_mp3/乃木坂46_裸足でSummer.mp3,2016,100,100,71.35,27.31,17,1213,-1.07,-0.12,61,48
UVERworld,WE ARE GO,https://open.spotify.com/track/6D8DP9JQBRSRcn3lm6AVCF,./downloaded_mp3/UVERworld_WE ARE GO.mp3,2016,96,96,44.5,46.65,4,178,0.08,-2.34,60,24
SCANDAL,テイクミーアウト,https://open.spotify.com/track/1jFc0ex4JP9ZODxGNlg0YG,./downloaded_mp3/SCANDAL_テイクミーアウト.mp3,2016,94,94,48.33,42.48,3,145,0.17,-2.33,48,33
スピッツ,醒めない,https://open.spotify.com/track/4DcIaaMiQiwGoz71v2q0r4,./downloaded_mp3/スピッツ_醒めない.mp3,2016,92,92,49.71,23.77,7,348,0.58,-1.3,66,41
藍井エイル,翼,https://open.spotify.com/track/5SkZRPhrXieDDT5LIWkiDB,./downloaded_mp3/藍井エイル_翼.mp3,2016,90,96,60.0,30.19,9,540,-0.27,-1.79,49,37
E-girls,E.G. summer RIDER,https://open.spotify.com/track/1Kjomih1JxeJWHw1lHP51o,./downloaded_mp3/E-girls_E.G. summer RIDER.mp3,2016,89,99,61.82,33.8,11,680,-0.75,-1.03,47,34
EXILE,Joy-ride〜歓喜のドライブ〜,https://open.spotify.com/track/4XwjFZsnbstYocI74BygEA,./downloaded_mp3/EXILE_Joy-ride〜歓喜のドライブ〜.mp3,2016,85,99,62.11,33.45,9,559,-0.45,-1.75,60,22
西野カナ,Have a nice day,https://open.spotify.com/track/0QupnB0s2ZFEiPfPtfIwl4,./downloaded_mp3/西野カナ_Have a nice day.mp3,2016,84,97,57.88,27.78,17,984,-0.42,-1.02,63,51
Nissy(西島隆弘),まだ君は知らない MY PRETTIEST GIRL,https://open.spotify.com/track/3PwyYPqtXM1WRy5HV6hICE,./downloaded_mp3/Nissy(西島隆弘)_まだ君は知らない MY PRETTIEST GIRL.mp3,2016,83,93,51.21,27.13,14,717,-0.32,-1.22,53,47
KinKi Kids,薔薇と太陽,https://open.spotify.com/track/77bTaeYbGZmhC7hxLuRkjS,./downloaded_mp3/KinKi Kids_薔薇と太陽.mp3,2016,81,100,46.4,42.51,5,232,0.19,-2.11,55,37
GReeeeN,beautiful days,https://open.spotify.com/track/0cHrtuQWokhtiKq9oHo8H4,./downloaded_mp3/GReeeeN_beautiful days.mp3,2016,78,78,52.5,24.87,6,315,-0.39,-1.48,62,28
Aqours,青空Jumping Heart,https://open.spotify.com/track/2mfeB9kJkCaQBZKE2FXlgv,./downloaded_mp3/Aqours_青空Jumping Heart.mp3,2016,77,98,54.57,29.39,7,382,0.03,-1.56,44,37
GLIM SPANKY,怒りをくれよ,https://open.spotify.com/track/2FXtYLpJKHEbtLuCDGpRrr,./downloaded_mp3/GLIM SPANKY_怒りをくれよ.mp3,2016,75,84,58.57,19.42,7,410,-0.23,-1.46,43,47
平井堅,魔法って言っていいかな?,https://open.spotify.com/track/5wFEw8rdKXoi88HaXkAUm8,./downloaded_mp3/平井堅_魔法って言っていいかな?.mp3,2016,73,97,67.06,25.76,16,1073,-0.82,-0.12,56,47
JY,好きな人がいること,https://open.spotify.com/track/5gK68pLKQh7naWNuZm7wbT,./downloaded_mp3/JY_好きな人がいること.mp3,2016,68,98,64.96,29.82,28,1819,-0.66,-0.86,42,53
GENERATIONS from EXILE TRIBE,涙,https://open.spotify.com/track/30qeocnAJxvIQLWSbv8Awx,./downloaded_mp3/GENERATIONS from EXILE TRIBE_涙.mp3,2016,67,100,55.36,27.15,11,609,-0.03,-1.1,52,41
fourfolium,SAKURAスキップ,https://open.spotify.com/track/49z9rAJgzCaETMjKRvKQNW,./downloaded_mp3/fourfolium_SAKURAスキップ.mp3,2016,64,64,36.67,26.1,3,110,0.1,-2.33,20,30
10-FEET,アンテナラスト,https://open.spotify.com/track/0RfWTI5UBTzqNGW5ZMgbBh,./downloaded_mp3/10-FEET_アンテナラスト.mp3,2016,62,95,41.6,36.64,5,208,0.39,-1.84,54,38
桑田佳祐,ヨシ子さん,https://open.spotify.com/track/3rvh3QR3NOnwyo1IssTqJ1,./downloaded_mp3/桑田佳祐_ヨシ子さん.mp3,2016,58,99,65.89,34.87,9,593,-0.6,-1.31,57,25
VIXX,花風,https://open.spotify.com/track/5h2tNoLkRkmr4wNGBlCcWV,./downloaded_mp3/VIXX_花風.mp3,2016,57,98,66.0,28.58,3,198,0.28,-2.33,45,2
Suchmos,MINT,https://open.spotify.com/track/0q7srV6oZ46Xyp5LZS80Jr,./downloaded_mp3/Suchmos_MINT.mp3,2016,56,95,51.0,33.45,10,510,-0.08,-1.86,55,53
藤原さくら,Soup,https://open.spotify.com/track/6TMRe5uN622SzHfrLx78S3,./downloaded_mp3/藤原さくら_Soup.mp3,2016,55,99,71.76,32.87,17,1220,-0.91,-0.71,41,49
Flower,やさしさで溢れるように,https://open.spotify.com/track/3PRPAqa2iOdeOneRClYJmS,./downloaded_mp3/Flower_やさしさで溢れるように.mp3,2016,54,99,62.05,31.8,20,1241,-0.34,-1.33,44,45
EXILE THE SECOND,YEAH!! YEAH!! YEAH!!,https://open.spotify.com/track/11y0Fr0S4ofIfAz0fXyeMD,./downloaded_mp3/EXILE THE SECOND_YEAH!! YEAH!! YEAH!!.mp3,2016,53,99,48.89,26.3,9,440,0.54,-1.04,33,34
Nissy(西島隆弘),ハプニング,https://open.spotify.com/track/3Z0ZEAG7mEaNMD8MMcVBfP,./downloaded_mp3/Nissy(西島隆弘)_ハプニング.mp3,2016,50,94,52.67,40.07,3,158,0.07,-2.33,53,36
欅坂46,世界には愛しかない,https://open.spotify.com/track/4Arae8hvCXOLiofE0VcnFo,./downloaded_mp3/欅坂46_世界には愛しかない.mp3,2016,47,100,47.25,25.16,36,1701,0.19,-0.9,49,42
ケツメイシ,ヤシの木のように,https://open.spotify.com/track/1aiY2J7kWH5PCWdW9MQvhz,./downloaded_mp3/ケツメイシ_ヤシの木のように.mp3,2016,35,88,56.25,30.91,4,225,0.01,-2.35,57,36
back number,黒い猫の歌,https://open.spotify.com/track/3Dr81TbTZJr9ckZn0iCT5C,./downloaded_mp3/back number_黒い猫の歌.mp3,2016,34,89,50.5,33.15,4,202,0.05,-2.15,77,42
YUKI,ポストに声を投げ入れて,https://open.spotify.com/track/5AD6YSnZWZFH8AT1amFhyY,./downloaded_mp3/YUKI_ポストに声を投げ入れて.mp3,2016,33,96,53.25,37.82,4,213,0.03,-2.2,44,34
水樹奈々,STARTING NOW!,https://open.spotify.com/track/3hAyDY3024JUVmiIaBpcz0,./downloaded_mp3/水樹奈々_STARTING NOW!.mp3,2016,31,98,53.0,43.15,4,212,-0.06,-2.24,48,23
NEWS,恋を知らない君へ,https://open.spotify.com/track/7oNFLT7M9ebVVRAU5fwa7q,./downloaded_mp3/NEWS_恋を知らない君へ.mp3,2016,29,100,52.1,31.03,10,521,-0.1,-1.25,54,43
三代目 J Soul Brothers from EXILE TRIBE,MUGEN ROAD,https://open.spotify.com/track/21lY6lbHh12V7IstM6WlSv,./downloaded_mp3/三代目 J Soul Brothers from EXILE TRIBE_MUGEN ROAD.mp3,2016,26,95,55.0,29.16,12,660,-0.23,-1.52,55,41
AAA,NEW,https://open.spotify.com/track/618ZxrQwcokOTHKj3E69sM,./downloaded_mp3/AAA_NEW.mp3,2016,24,98,67.94,26.84,17,1155,-0.83,-0.52,55,36
NMB48,僕はいない,https://open.spotify.com/track/14aFLv3GmiRQhd2UyNQ6fh,./downloaded_mp3/NMB48_僕はいない.mp3,2016,12,100,52.92,26.08,13,688,0.32,-1.22,39,29
E-girls,Pink Champagne,https://open.spotify.com/track/3BLP9AuW6Cezuuh8LZNbF9,./downloaded_mp3/E-girls_Pink Champagne.mp3,2016,10,99,47.43,37.45,7,332,0.06,-1.85,47,17
井上苑子,ナツコイ,https://open.spotify.com/track/5IgPpRZUGjnxGeezCibodM,./downloaded_mp3/井上苑子_ナツコイ.mp3,2016,2,92,59.11,26.31,9,532,-0.92,-0.16,58,42
E-girls,Go! Go! Let's Go!,https://open.spotify.com/track/5axCdl0FA6hCg0LtdOhxW5,./downloaded_mp3/E-girls_Go! Go! Let's Go!.mp3,2016,96,96,45.0,37.15,7,315,-0.01,-1.9,47,18
桑田佳祐,君への手紙,https://open.spotify.com/track/6AYiMecNVEj7XHTYuGztSa,./downloaded_mp3/桑田佳祐_君への手紙.mp3,2016,95,98,68.38,21.76,13,889,-0.34,-1.21,57,35
back number,ハッピーエンド,https://open.spotify.com/track/4GqO80eGXA542oTvlYv4LS,./downloaded_mp3/back number_ハッピーエンド.mp3,2016,94,97,28.54,23.67,152,4338,1.36,1.42,77,74
三代目 J Soul Brothers from EXILE TRIBE,Welcome to TOKYO,https://open.spotify.com/track/0DmYTqtPlEgfGtzVvFFnfR,./downloaded_mp3/三代目 J Soul Brothers from EXILE TRIBE_Welcome to TOKYO.mp3,2016,91,99,60.68,31.41,25,1517,-0.35,-1.62,55,39
AKB48,ハイテンション,https://open.spotify.com/track/6HO8dt9rpLxfHDmZnOxy4d,./downloaded_mp3/AKB48_ハイテンション.mp3,2016,90,100,61.33,25.6,12,736,-0.09,-1.3,56,30
GENERATIONS from EXILE TRIBE,PIERROT,https://open.spotify.com/track/0EMXXQ6kArfbjjjYSTbcEx,./downloaded_mp3/GENERATIONS from EXILE TRIBE_PIERROT.mp3,2016,89,98,66.92,24.76,12,803,-0.95,-0.29,52,33
西野カナ,Dear Bride,https://open.spotify.com/track/4NldFTO8QMKacRAy0K34Wd,./downloaded_mp3/西野カナ_Dear Bride.mp3,2016,86,96,54.59,34.06,27,1474,-0.35,-1.68,63,49
THE YELLOW MONKEY,砂の塔,https://open.spotify.com/track/4s8jSoH9K7NzVBn8TiqdSg,./downloaded_mp3/THE YELLOW MONKEY_砂の塔.mp3,2016,85,98,75.93,16.87,15,1139,-1.31,1.74,50,42
THE BEAT GARDEN,Promise you,https://open.spotify.com/track/1SwfVWdQC1dAXZpx589P0Y,./downloaded_mp3/THE BEAT GARDEN_Promise you.mp3,2016,77,77,62.6,10.83,5,313,-0.12,-1.51,33,7
JUJU,believe believe,https://open.spotify.com/track/7qix55bLcHItbudxwJuVfg,./downloaded_mp3/JUJU_believe believe.mp3,2016,74,74,37.4,27.56,5,187,0.07,-1.85,54,33
三浦大知,(RE)PLAY,https://open.spotify.com/track/6X3FXpanWJKBxbdqxIeOdO,./downloaded_mp3/三浦大知_(RE)PLAY.mp3,2016,73,89,53.36,28.5,11,587,-0.38,-1.56,50,34
Superfly,99,https://open.spotify.com/track/3t1M7SkoBzSk5sXt3BLsFo,./downloaded_mp3/Superfly_99.mp3,2016,70,83,48.8,22.25,10,488,-0.12,-1.46,59,36
ONE OK ROCK,Taking Off,https://open.spotify.com/track/7bmdV1IiqeCIK1Lb3klDVV,./downloaded_mp3/ONE OK ROCK_Taking Off.mp3,2016,67,97,49.15,27.64,20,983,-0.02,-1.39,71,51
Aimer(エメ),茜さす,https://open.spotify.com/track/1jJjnRT0Pq6FdOpzAjGOTE,./downloaded_mp3/Aimer(エメ)_茜さす.mp3,2016,59,93,57.4,27.54,5,287,0.07,-1.99,66,48
SPYAIR,RAGE OF DUST,https://open.spotify.com/track/4HlHiyPywAdHVYjKzuvWjY,./downloaded_mp3/SPYAIR_RAGE OF DUST.mp3,2016,56,94,63.89,21.2,9,575,-0.22,-1.33,58,46
家入レオ,それぞれの明日へ,https://open.spotify.com/track/1stWQFgqJ6NuEwBEQxt2Tr,./downloaded_mp3/家入レオ_それぞれの明日へ.mp3,2016,50,50,33.67,21.73,3,101,-0.33,-2.33,52,32
RADWIMPS,光,https://open.spotify.com/track/2uR9GsiKf0HQ65l5iDiAYx,./downloaded_mp3/RADWIMPS_光.mp3,2016,48,81,51.0,28.33,5,255,0.06,-2.2,75,43
林部智史,あいたい,https://open.spotify.com/track/1qUuLV8QHVvkdEAToP0aoM,./downloaded_mp3/林部智史_あいたい.mp3,2016,43,72,46.31,14.83,13,602,-0.04,-0.84,33,29
DEAN FUJIOKA,History Maker,https://open.spotify.com/track/388Goi8izhV978LfGi0AQM,./downloaded_mp3/DEAN FUJIOKA_History Maker.mp3,2016,42,58,38.85,16.97,13,505,-1.04,-0.16,39,34
宇多田ヒカル,道,https://open.spotify.com/track/4nYtqZDscX8TLvR4p0ON1s,./downloaded_mp3/宇多田ヒカル_道.mp3,2016,38,96,66.83,21.26,18,1203,0.11,-1.73,73,63
EXO,Coming Over,https://open.spotify.com/track/6VfzHJBBpImuCfxHavQvK8,./downloaded_mp3/EXO_Coming Over.mp3,2016,37,98,61.6,25.01,5,308,0.28,-1.78,68,35
ナオト・インティライミ,夢のありか,https://open.spotify.com/track/6ZyyYlXorbVteQFHYjjAtf,./downloaded_mp3/ナオト・インティライミ_夢のありか.mp3,2016,36,83,51.83,21.46,6,311,0.26,-1.86,46,28
ももちひろこ,好きだから言えない,https://open.spotify.com/track/1tFqdRrayxQBe3veV8CreI,./downloaded_mp3/ももちひろこ_好きだから言えない.mp3,2016,34,62,34.75,19.1,4,139,0.56,-1.85,19,13
サカナクション,多分、風。,https://open.spotify.com/track/3CUMIkvvarUDjD5bVIWKl8,./downloaded_mp3/サカナクション_多分、風。.mp3,2016,32,95,56.58,31.1,12,679,-0.41,-1.42,66,58
夜の本気ダンス,Without You,https://open.spotify.com/track/1bj7aHzAz3V8lA8CnitYlb,./downloaded_mp3/夜の本気ダンス_Without You.mp3,2016,8,60,33.67,26.01,3,101,0.03,-2.33,35,21
AAA,涙のない世界,https://open.spotify.com/track/5X0oBfMej8jeiiCciQll97,./downloaded_mp3/AAA_涙のない世界.mp3,2016,6,94,56.5,29.33,14,791,-0.38,-1.49,55,34
SEKAI NO OWARI,Hey Ho,https://open.spotify.com/track/2xsxP0EzcSWF96jdITaQxE,./downloaded_mp3/SEKAI NO OWARI_Hey Ho.mp3,2016,2,96,53.27,28.98,11,586,-0.04,-1.28,66,44
Hi-STANDARD,You Can't Hurry Love,https://open.spotify.com/track/4uozLNiScLC3ubTRICSK9X,./downloaded_mp3/Hi-STANDARD_You Can't Hurry Love.mp3,2016,94,94,64.0,32.54,4,256,-0.38,-1.96,50,38
さユり,フラレガイガール,https://open.spotify.com/track/79i3cvW2LUR6vmZpMxezJ5,./downloaded_mp3/さユり_フラレガイガール.mp3,2016,79,79,55.67,20.82,3,167,0.29,-2.33,52,43
Flower,モノクロ,https://open.spotify.com/track/7IKkrFd6GBuQosVLffieSE,./downloaded_mp3/Flower_モノクロ.mp3,2016,66,98,56.0,29.39,7,392,-0.12,-1.5,44,25
GReeeeN,暁の君に,https://open.spotify.com/track/53uhCXEaLoKfq0K1VpYTmw,./downloaded_mp3/GReeeeN_暁の君に.mp3,2016,56,56,45.67,17.9,3,137,-0.38,-2.33,62,24
NMB48,僕以外の誰か,https://open.spotify.com/track/1vW3BdiV8VBkUGIx4pyTiO,./downloaded_mp3/NMB48_僕以外の誰か.mp3,2016,4,99,45.38,37.1,8,363,0.32,-1.87,39,18
超特急,Yell,https://open.spotify.com/track/7EIcGbM8DgdBsyIPWEJh7I,./downloaded_mp3/超特急_Yell.mp3,2016,96,96,39.67,49.1,3,119,0.36,-2.33,54,26
BURNOUT SYNDROMES,FLY HIGH!!,https://open.spotify.com/track/44ljoaRrogXke0S4U8iekW,./downloaded_mp3/BURNOUT SYNDROMES_FLY HIGH!!.mp3,2016,89,89,59.8,26.02,5,299,-0.28,-1.84,54,48
DOES,KNOW KNOW KNOW,https://open.spotify.com/track/493sx38WWl4MY9kuvEmIVP,./downloaded_mp3/DOES_KNOW KNOW KNOW.mp3,2016,82,82,40.25,35.74,4,161,0.14,-2.28,47,48
山崎まさよし,空へ,https://open.spotify.com/track/3Pc2cdBL5C7IzgegipE5Ln,./downloaded_mp3/山崎まさよし_空へ.mp3,2016,77,77,56.0,25.23,4,224,-0.55,-1.83,49,45
GReeeeN,夢,https://open.spotify.com/track/19EYSnWJObYwZbpYvDBbUP,./downloaded_mp3/GReeeeN_夢.mp3,2016,74,82,66.33,18.29,6,398,-0.65,-1.36,62,39
さユり,それは小さな光のような,https://open.spotify.com/track/7FOeR1X65DEG4KjpVhNC4Z,./downloaded_mp3/さユり_それは小さな光のような.mp3,2016,68,86,50.8,26.4,5,254,0.16,-1.93,52,51
E-girls,DANCE WITH ME NOW!,https://open.spotify.com/track/4LHwPHS2smReI4x1WRGnpJ,./downloaded_mp3/E-Girls_DANCE WITH ME NOW!.mp3,2016,63,91,47.38,28.91,13,616,-0.08,-1.45,47,38
橋本環奈,セーラー服と機関銃,https://open.spotify.com/track/5DmQyyNb0YpCiavFGjLDyY,./downloaded_mp3/橋本環奈_セーラー服と機関銃.mp3,2016,58,88,60.0,22.09,4,240,0.1,-1.88,8,19
家入レオ,Hello To The World,https://open.spotify.com/track/5mWOGk8JFr304ZOnDTiy56,./downloaded_mp3/家入レオ_Hello To The World.mp3,2016,55,95,42.22,33.09,9,380,0.14,-1.63,52,20
BTOB,Dear Bride,https://open.spotify.com/track/1hszboEN6IRxriuvAahVab,./downloaded_mp3/BTOB_Dear Bride.mp3,2016,49,99,64.0,30.41,3,192,0.37,-2.33,53,12
HOWL BE QUIET,MONSTER WORLD,https://open.spotify.com/track/6Q3aw55ZHgScgqVE5FDFOx,./downloaded_mp3/HOWL BE QUIET_MONSTER WORLD.mp3,2016,47,84,69.0,14.82,5,345,-0.35,-1.73,24,22
ハジ→,絆。,https://open.spotify.com/track/5culReQtw74szjYkOOcluw,./downloaded_mp3/ハジ→_絆。.mp3,2016,45,71,59.0,13.11,3,177,-0.15,-2.33,48,34
WHITE JAM,咲かないで,https://open.spotify.com/track/09CpBd4GdCrcz5M72FFm7Y,./downloaded_mp3/WHITE JAM_咲かないで.mp3,2016,31,47,21.0,21.79,4,84,0.17,-2.25,41,36
Kiroro,Best Friend,https://open.spotify.com/track/3zYklKjGLqqliuuY7iBprG,./downloaded_mp3/Kiroro_Best Friend.mp3,2016,21,71,47.75,20.71,4,191,-0.18,-1.91,48,55
雨のパレード,Tokyo,https://open.spotify.com/track/60To99qb1JAoQ0F6iclxQn,./downloaded_mp3/雨のパレード_Tokyo.mp3,2016,7,25,14.0,9.64,3,42,0.34,-2.33,29,30
Hey!Say!JUMP,真剣SUNSHINE,https://open.spotify.com/track/5BEHPRiHxDEuVVYajjxlEs,./downloaded_mp3/Hey!Say!JUMP_真剣SUNSHINE.mp3,2016,100,100,55.5,35.16,6,333,0.16,-1.94,57,33
ワルキューレ,一度だけの恋なら,https://open.spotify.com/track/34CksmDdpIijQB2WUZiRLd,./downloaded_mp3/ワルキューレ_一度だけの恋なら.mp3,2016,98,98,67.89,22.99,9,611,-0.33,-1.37,43,42
Little Glee Monster,My Best Friend,https://open.spotify.com/track/5kgMkKZpKFbZ8LSMF7moYM,./downloaded_mp3/Little Glee Monster_My Best Friend.mp3,2016,96,96,48.83,33.67,6,293,-0.01,-1.63,54,34
TrySail,High Free Spirits,https://open.spotify.com/track/5YEG7E2bTb59guO3kzR58M,./downloaded_mp3/TrySail_High Free Spirits.mp3,2016,95,95,50.6,30.77,5,253,0.27,-1.74,40,34
NMB48,甘噛み姫,https://open.spotify.com/track/0WaengKDHyFCdJF4chcKja,./downloaded_mp3/NMB48_甘噛み姫.mp3,2016,87,100,65.71,31.27,7,460,-0.5,-1.45,39,21
CNBLUE,Puzzle,https://open.spotify.com/track/4FetFpsh8F2fDhSV7mzphy,./downloaded_mp3/CNBLUE_Puzzle.mp3,2016,86,86,40.0,41.61,3,120,0.25,-2.33,53,20
HARUHI,ひずみ,https://open.spotify.com/track/1B2dsxhiNChPRUPlxyhHck,./downloaded_mp3/HARUHI_ひずみ.mp3,2016,82,82,56.0,18.14,6,336,0.43,-1.88,12,21
GLAY,デストピア,https://open.spotify.com/track/1SG2tLKOX635GnVOp1MDoC,./downloaded_mp3/GLAY_デストピア.mp3,2016,74,93,77.0,14.73,3,231,0.2,-2.33,56,18
鈴木このみ,Redo,https://open.spotify.com/track/7ADZ8mKoPLV1VugJVcJDUr,./downloaded_mp3/鈴木このみ_Redo.mp3,2016,72,72,40.0,29.46,3,120,0.2,-2.33,53,42
BTS (防弾少年団),FIRE,https://open.spotify.com/track/6bYJAOHKCvy9cSEAUR8NvG,./downloaded_mp3/BTS (防弾少年団)_FIRE.mp3,2016,71,71,32.67,33.23,3,98,0.38,-2.33,86,38
ラックライフ,名前を呼ぶよ,https://open.spotify.com/track/2X5G59k37QhfMy9Hk45Gef,./downloaded_mp3/ラックライフ_名前を呼ぶよ.mp3,2016,66,66,41.0,24.52,3,123,0.04,-2.33,46,41
DREAMS COME TRUE,あなたのように,https://open.spotify.com/track/2jcgFcyNc8I0KqrKYi3yFW,./downloaded_mp3/DREAMS COME TRUE_あなたのように.mp3,2016,65,95,56.5,32.51,4,226,-0.03,-1.96,61,38
back number,僕の名前を,https://open.spotify.com/track/1ItBHdeRsG8V46bgdA9ULI,./downloaded_mp3/back number_僕の名前を.mp3,2016,60,100,63.73,29.95,11,701,-0.4,-1.4,77,55
感覚ピエロ,拝啓、いつかの君へ,https://open.spotify.com/track/4enf9AFG9VkUN6iKphiQQL,./downloaded_mp3/感覚ピエロ_拝啓、いつかの君へ.mp3,2016,52,64,43.0,19.66,9,387,-0.53,-1.25,48,40
ポルノグラフィティ,THE DAY,https://open.spotify.com/track/3wWPWoE2b7enVy5SIqMqm9,./downloaded_mp3/ポルノグラフィティ_THE DAY.mp3,2016,51,98,60.1,30.61,10,601,-0.53,-1.14,62,57
嵐,Daylight,https://open.spotify.com/track/7xid7Vi1ZMYlfL1IY13sU6,./downloaded_mp3/嵐_Daylight.mp3,2016,50,80,60.0,16.25,4,240,0.18,-2.15,66,39
いきものがかり,Sweet! Sweet! Music!,https://open.spotify.com/track/0iMWiphA2KKGifFogU1MNQ,./downloaded_mp3/いきものがかり_Sweet! Sweet! Music!.mp3,2016,38,53,40.88,9.91,8,327,-0.48,-1.23,63,25
KEYTALK,MATSURI BAYASHI,https://open.spotify.com/track/1TxkN7vAidD81tudWacHVQ,./downloaded_mp3/KEYTALK_MATSURI BAYASHI.mp3,2016,37,87,60.0,25.24,3,180,0.15,-2.33,38,34
chay,それでしあわせ,https://open.spotify.com/track/1gVbKOMVY3y8vMikjy7bWK,./downloaded_mp3/chay_それでしあわせ.mp3,2016,25,58,33.29,17.1,7,233,0.08,-1.37,40,26
スピッツ,ロビンソン,https://open.spotify.com/track/0sVnyL71jTOuMt9TZ59bws,./downloaded_mp3/スピッツ_ロビンソン.mp3,2016,18,61,19.8,19.27,10,198,0.99,-0.43,66,67
Hey!Say!JUMP,Fantastic Time,https://open.spotify.com/track/7ndIcmZX3eVSAcosAChgUS,./downloaded_mp3/Hey!Say!JUMP_Fantastic Time.mp3,2016,100,100,54.67,36.92,6,328,-0.04,-1.94,57,34
"へし切長谷部(新垣樽助),宗三左文字(泰勇気),薬研藤四郎(山下誠一郎)",心魂の在処,https://open.spotify.com/track/5GjmkFhEjtY1MF5IGDyz9f,"./downloaded_mp3/へし切長谷部(新垣樽助),宗三左文字(泰勇気),薬研藤四郎(山下誠一郎)_心魂の在処.mp3",2016,90,90,44.67,41.68,3,134,0.2,-2.33,18,30
Knights,Silent Oath,https://open.spotify.com/track/68pgpDBeGpmvhNscWHHMCe,./downloaded_mp3/Knights_Silent Oath.mp3,2016,86,86,31.0,47.66,3,93,0.38,-2.33,43,40
Hi-STANDARD,ANOTHER STARTING LINE,https://open.spotify.com/track/1dU1fbsT81XkK4pofEjwBs,./downloaded_mp3/Hi-STANDARD_ANOTHER STARTING LINE.mp3,2016,80,100,73.43,24.26,7,514,-0.42,-1.65,50,41
BURNOUT SYNDROMES,ヒカリアレ,https://open.spotify.com/track/5WLaJoYalaASb9JB7Yk5U6,./downloaded_mp3/BURNOUT SYNDROMES_ヒカリアレ.mp3,2016,62,62,40.83,19.63,6,245,-0.76,-0.9,54,60
"大和守安定(市来光弘),加州清光(増田俊樹)",花丸◎日和!,https://open.spotify.com/track/0jNL3WnMQz0tOU5qHwht9P,"./downloaded_mp3/大和守安定(市来光弘),加州清光(増田俊樹)_花丸◎日和!.mp3",2016,52,87,46.0,30.88,5,230,0.04,-1.86,25,32
BTS (防弾少年団),Blood Sweat & Tears,https://open.spotify.com/track/2u54HNQamwFuOMLSuhSRom,./downloaded_mp3/BTS (防弾少年団)_Blood Sweat & Tears.mp3,2016,47,83,45.8,31.06,5,229,-0.04,-2.0,86,74
嵐,Power of the Paradise,https://open.spotify.com/track/1GlWT1gs1Ecqba0UuEfpVe,./downloaded_mp3/嵐_Power of the Paradise.mp3,2016,35,100,59.38,29.57,8,475,0.22,-1.85,66,33
[Alexandros],Feel like,https://open.spotify.com/track/5G0dqqXFlicTj6cMIy5EIF,./downloaded_mp3/[Alexandros]_Feel like.mp3,2016,33,76,54.29,15.23,7,380,-0.07,-1.67,58,37
秦基博,70億のピース,https://open.spotify.com/track/4Dzbe4mOffgDuKZXX6W0sZ,./downloaded_mp3/秦基博_70億のピース.mp3,2016,26,85,32.4,30.57,5,162,0.88,-1.15,57,29
Happiness,Ordinary Girls,https://open.spotify.com/track/1gQb1B2dgZWCBzhCMRALLg,./downloaded_mp3/Happiness_Ordinary Girls.mp3,2016,15,85,61.2,27.91,5,306,-0.73,-1.37,25,27
梅林太郎,Yuri on ICE,https://open.spotify.com/track/6mhtjlYdbceFnMlRfkbsQu,./downloaded_mp3/梅林太郎_Yuri on ICE.mp3,2016,12,14,9.67,5.86,3,29,-0.34,-2.33,43,46
KinKi Kids,道は手ずから夢の花,https://open.spotify.com/track/38cAjL3JZbExGWsoepEcOf,./downloaded_mp3/KinKi Kids_道は手ずから夢の花.mp3,2016,2,98,57.0,42.36,4,228,-0.28,-2.04,55,18
aiko,恋をしたのは,https://open.spotify.com/track/58HhVshAYiu0HO0M0qPiRd,./downloaded_mp3/aiko_恋をしたのは.mp3,2016,1,97,54.22,32.71,9,488,-0.36,-1.39,62,37
三代目 J Soul Brothers from EXILE TRIBE,BRIGHT,https://open.spotify.com/track/3nmwTWoxOHlZ89Z8OBeBfc,./downloaded_mp3/三代目 J Soul Brothers from EXILE TRIBE_BRIGHT.mp3,2016,26,85,42.67,36.94,3,128,0.36,-2.33,55,31
GLAY,彼女はゾンビ,https://open.spotify.com/track/5MWqLp7GFcnwtoKPQXsnWJ,./downloaded_mp3/GLAY_彼女はゾンビ.mp3,2016,94,94,51.67,42.0,3,155,0.02,-2.33,56,13
GLIM SPANKY,ワイルド・サイドを行け,https://open.spotify.com/track/7rubleKOMBADcIYAwNdRuM,./downloaded_mp3/GLIM SPANKY_ワイルド・サイドを行け.mp3,2016,71,71,56.33,13.65,3,169,0.17,-2.33,43,33
Happiness,Sexy Young Beautiful,https://open.spotify.com/track/6GMlSSJjIqFyS2ZT7E1MwR,./downloaded_mp3/Happiness_Sexy Young Beautiful.mp3,2016,64,97,71.2,20.6,5,356,-0.24,-1.58,25,24
MACO,恋心,https://open.spotify.com/track/0G92jG8LLKQcxnolbg5YTJ,./downloaded_mp3/MACO_恋心.mp3,2016,35,82,54.0,22.35,4,216,0.24,-2.17,41,25
KANA-BOON,ランアンドラン,https://open.spotify.com/track/3U7hgUytI4Gd1fcHvC6Mpf,./downloaded_mp3/KANA-BOON_ランアンドラン.mp3,2016,32,81,33.25,33.96,4,133,0.49,-1.85,62,17
EXILE THE SECOND,WILD WILD WILD,https://open.spotify.com/track/1xzTMrSItSqfwDFvIHDOkm,./downloaded_mp3/EXILE THE SECOND_WILD WILD WILD.mp3,2016,99,99,56.75,32.77,4,227,0.15,-1.87,33,24
松田聖子,薔薇のように咲いて 桜のように散って,https://open.spotify.com/track/57r9tjNf2tqWmmp8So8TEN,./downloaded_mp3/松田聖子_薔薇のように咲いて 桜のように散って.mp3,2016,95,95,57.33,31.98,6,344,0.01,-2.07,56,42
JUJU,六本木心中,https://open.spotify.com/track/1C4cGeiGKJyNVMrNefWyLR,./downloaded_mp3/JUJU_六本木心中.mp3,2016,79,79,52.67,23.71,3,158,0.26,-2.33,54,38
いきものがかり,ラストシーン,https://open.spotify.com/track/06KAVn6lofXi28tilDkZ1X,./downloaded_mp3/いきものがかり_ラストシーン.mp3,2016,77,84,60.0,26.69,9,540,-0.99,-0.52,63,44
Aimer(エメ),蝶々結び,https://open.spotify.com/track/3HxJaKzob7tdcr4qmqfR1d,./downloaded_mp3/Aimer(エメ)_蝶々結び.mp3,2016,76,93,56.93,28.59,14,797,-0.32,-1.56,66,55
AKB48,LOVE TRIP,https://open.spotify.com/track/5eV9jATb8EvaUo7XY3aIZm,./downloaded_mp3/AKB48_LOVE TRIP.mp3,2016,71,100,57.3,30.06,10,573,-0.12,-1.47,56,28
Flower,他の誰かより悲しい恋をしただけ,https://open.spotify.com/track/4FLqIoJrWse8uiKkqTOP9u,./downloaded_mp3/Flower_他の誰かより悲しい恋をしただけ.mp3,2016,68,87,55.75,26.53,8,446,-0.54,-1.39,44,41
ベリーグッドマン,Eye to Eye,https://open.spotify.com/track/03rMqZKHfHbrDw1KWMmUzi,./downloaded_mp3/ベリーグッドマン_Eye to Eye.mp3,2016,58,58,44.8,16.15,5,224,-0.72,-1.33,49,38
BUMP OF CHICKEN,アリア,https://open.spotify.com/track/5SziznMDrITZ0bMcFvtLJF,./downloaded_mp3/BUMP OF CHICKEN_アリア.mp3,2016,57,92,54.4,26.02,10,544,-0.2,-1.46,64,37
HKT48,最高かよ,https://open.spotify.com/track/6wgJfy5bVOhEiKz08YaV64,./downloaded_mp3/HKT48_最高かよ.mp3,2016,55,100,72.14,21.14,7,505,-0.08,-1.68,33,32
ShuuKaRen,UNIVERSE,https://open.spotify.com/track/4X1RYp4o5WEyqslCPcxOzw,./downloaded_mp3/ShuuKaRen_UNIVERSE.mp3,2016,53,95,61.83,21.05,6,371,0.06,-1.09,14,24
CHiCO with HoneyWorks,カヌレ,https://open.spotify.com/track/0xdYMLOVH0DPNNg1zPofzO,./downloaded_mp3/CHiCO with HoneyWorks_カヌレ.mp3,2016,51,77,43.25,27.33,4,173,0.12,-2.03,53,38
[Alexandros],Swan,https://open.spotify.com/track/6RivfMf0LaWnqCxVI3nYd1,./downloaded_mp3/[Alexandros]_Swan.mp3,2016,45,97,63.14,28.51,7,442,-0.21,-1.64,58,36
BUMP OF CHICKEN,アンサー,https://open.spotify.com/track/6laONlj9zCF3hPNsQUePM6,./downloaded_mp3/BUMP OF CHICKEN_アンサー.mp3,2016,39,94,67.14,21.48,7,470,0.07,-1.96,64,46
ももいろクローバーZ,ザ・ゴールデン・ヒストリー,https://open.spotify.com/track/74ZWPqxqRum1Gow3uWFjto,./downloaded_mp3/ももいろクローバーZ_ザ・ゴールデン・ヒストリー.mp3,2016,29,97,51.5,40.9,4,206,0.02,-2.22,48,17
SHISHAMO,夏の恋人,https://open.spotify.com/track/4gtzNVKVj4GZ0R61Fmzf4q,./downloaded_mp3/SHISHAMO_夏の恋人.mp3,2016,14,89,52.75,30.66,4,211,-0.09,-1.87,58,41
Aimer(エメ),カタオモイ,https://open.spotify.com/track/2HovXsvcdJur52BOcYGydz,./downloaded_mp3/Aimer(エメ)_カタオモイ.mp3,2016,10,72,24.89,21.39,19,473,0.77,-0.76,66,66
Aqours,ユメ語るよりユメ歌おう,https://open.spotify.com/track/2JPAQlBorjtYLlTfCAwT6s,./downloaded_mp3/Aqours_ユメ語るよりユメ歌おう.mp3,2016,5,96,50.2,34.19,5,251,0.03,-1.72,44,32
MYTH & ROID,Paradisus-Paradoxum,https://open.spotify.com/track/6aCZ2noQlK6iU0thJAyyZ6,./downloaded_mp3/MYTH & ROID_Paradisus-Paradoxum.mp3,2016,3,89,40.2,33.18,5,201,0.29,-1.7,55,42
Brian the Sun,Maybe,https://open.spotify.com/track/6ExsYgExPQLb59Hwx6cUDU,./downloaded_mp3/Brian the Sun_Maybe.mp3,2016,2,83,44.0,40.58,3,132,-0.07,-2.33,39,20
SawanoHiroyuki[nZk]:Tielle,Into the Sky,https://open.spotify.com/track/24BcGYViz1fPTXgqpp1sel,./downloaded_mp3/SawanoHiroyuki[nZk]:Tielle_Into the Sky.mp3,2016,95,95,51.33,44.52,3,154,-0.04,-2.33,61,48
桑田佳祐,大河の一滴,https://open.spotify.com/track/3HlNC7qZKiBTwOBoH7Ogfg,./downloaded_mp3/桑田佳祐_大河の一滴.mp3,2016,90,90,63.62,18.51,8,509,0.21,-1.77,57,31
大原櫻子,大好き,https://open.spotify.com/track/59DxJYdRVA1SGwAhNpigTi,./downloaded_mp3/大原櫻子_大好き.mp3,2016,79,97,65.0,28.46,9,585,-0.67,-1.08,40,36
EXO,Monster,https://open.spotify.com/track/7GbUWl6qLW1gdngbEV2WDJ,./downloaded_mp3/EXO_Monster.mp3,2016,72,92,55.17,33.31,6,331,-0.37,-1.64,68,65
miwa,Princess,https://open.spotify.com/track/3Nvw8ErCjnc6bfaZT6el3y,./downloaded_mp3/miwa_Princess.mp3,2016,71,94,51.0,31.74,5,255,0.17,-1.87,53,18
E-girls,STRAWBERRY サディスティック,https://open.spotify.com/track/1M3fE6dvQRfCQpocmR3MHx,./downloaded_mp3/E-girls_STRAWBERRY サディスティック.mp3,2016,67,81,56.62,23.97,8,453,-0.36,-1.81,47,28
ブンブンサテライツ,LAY YOUR HANDS ON ME,https://open.spotify.com/track/1F34Gu9yLlQicDJ9Pud9Ua,./downloaded_mp3/ブンブンサテライツ_LAY YOUR HANDS ON ME.mp3,2016,61,90,56.33,18.84,6,338,0.71,-1.08,33,24
フレデリック,オンリーワンダー,https://open.spotify.com/track/3HZ0BwTVMck7plmA4HbeFr,./downloaded_mp3/フレデリック_オンリーワンダー.mp3,2016,42,86,44.0,30.34,5,220,-0.04,-1.46,53,45
AKB48,翼はいらない,https://open.spotify.com/track/4s7Q3JcpQhDAWOajkPwII6,./downloaded_mp3/AKB48_翼はいらない.mp3,2016,32,100,73.0,29.06,6,438,-0.3,-1.96,56,22
藤原さくら,好きよ 好きよ 好きよ,https://open.spotify.com/track/4tE1JHzU5WTOVMXFFC1YKJ,./downloaded_mp3/藤原さくら_好きよ 好きよ 好きよ.mp3,2016,22,91,71.67,29.59,6,430,-0.71,-1.51,41,27
Brian the Sun,HEROES,https://open.spotify.com/track/32CwLhZJBa6C5Q0bJe0Q47,./downloaded_mp3/Brian the Sun_HEROES.mp3,2016,20,81,49.8,23.83,5,249,0.08,-1.87,39,54
EGOIST,KABANERI OF THE IRON FORTRESS,https://open.spotify.com/track/5ltF6YRUpZNrEjZF7ky6eI,./downloaded_mp3/EGOIST_KABANERI OF THE IRON FORTRESS.mp3,2016,19,97,61.29,32.31,7,429,-0.25,-1.89,51,47
平井大,Life is Beautiful,https://open.spotify.com/track/022a9bG2NNI1i7SVjX4Xq4,./downloaded_mp3/平井大_Life is Beautiful.mp3,2016,15,33,21.33,10.12,3,64,0.38,-2.33,65,48
LACCO TOWER,薄紅,https://open.spotify.com/track/2g7l5je41u1zIt5qx3QLsr,./downloaded_mp3/LACCO TOWER_薄紅.mp3,2016,17,72,48.5,23.1,4,194,-0.36,-1.87,29,18
Kis-My-Ft2,Gravity,https://open.spotify.com/track/4zOL65XItJx0InjzqtIEXc,./downloaded_mp3/Kis-My-Ft2_Gravity.mp3,2016,43,100,76.0,29.55,3,228,-0.28,-2.33,49,27
Hey!Say!JUMP,Give Me Love,https://open.spotify.com/track/7FOTyK4SpdWRqW7QKhnUV4,./downloaded_mp3/Hey!Say!JUMP_Give Me Love.mp3,2016,99,99,66.5,35.2,6,399,-0.7,-1.35,57,41
ONE OK ROCK,I was King,https://open.spotify.com/track/0LwktKzh7qjyrWpcrUsqhn,./downloaded_mp3/ONE OK ROCK_I was King.mp3,2016,75,75,44.75,32.29,4,179,-0.13,-2.26,71,51
SHINee,Winter Wonderland,https://open.spotify.com/track/7nG5y5wDTDtoS5TyH00CqA,./downloaded_mp3/SHINee_Winter Wonderland.mp3,2016,22,98,55.0,38.97,3,165,0.24,-2.33,62,28
E-girls,All Day Long Lady,https://open.spotify.com/track/3NQUOHGHHvTR6EzlyhA3Fj,./downloaded_mp3/E-girls_All Day Long Lady.mp3,2016,13,75,44.8,26.9,5,224,-0.01,-2.11,47,28
清木場俊介,友へ,https://open.spotify.com/track/4C8fEiB1RG7CVKGkkJqL0q,./downloaded_mp3/清木場俊介_友へ.mp3,2016,12,34,19.33,12.7,3,58,0.38,-2.33,36,29
ハナレグミ,深呼吸,https://open.spotify.com/track/67cJ60aXMxPR2e3cjplRAb,./downloaded_mp3/ハナレグミ_深呼吸.mp3,2016,66,73,58.67,19.09,3,176,-0.33,-2.33,49,45
西内まりや,Chu Chu,https://open.spotify.com/track/6lup5SeRCkO1cnnPcTKJCh,./downloaded_mp3/西内まりや_Chu Chu.mp3,2016,8,85,35.25,36.44,4,141,0.43,-1.97,23,17
AAA,Yell,https://open.spotify.com/track/0Um0fajxqpkeLzbE7eJvNV,./downloaded_mp3/AAA_Yell.mp3,2016,90,90,55.5,33.97,4,222,-0.23,-2.04,55,38
EXILE ATSUSHI,糸,https://open.spotify.com/track/1aFORO3mXH1BqPjE4OMwuS,./downloaded_mp3/EXILE ATSUSHI_糸.mp3,2016,78,78,38.33,28.97,6,230,0.38,-1.96,44,36
MYTH & ROID,STYX HELIX,https://open.spotify.com/track/1Yk45PoADktIxOGO5cPpeC,./downloaded_mp3/MYTH & ROID_STYX HELIX.mp3,2016,65,89,55.5,29.03,4,222,-0.07,-1.99,55,42
AZALEA,トリコリコPLEASE!!,https://open.spotify.com/track/6d3G58cEHrqIMyDKaMuRu3,./downloaded_mp3/AZALEA_トリコリコPLEASE!!.mp3,2016,26,93,53.33,35.16,3,160,0.31,-2.33,26,26
V6,Beautiful World,https://open.spotify.com/track/6mYWN9ftuetmeGkmwsERwJ,./downloaded_mp3/V6_Beautiful World.mp3,2016,24,100,65.33,38.44,3,196,-0.17,-2.33,56,26
斉藤和義,マディウォーター,https://open.spotify.com/track/2Luqh6TEqvndFguF8Ps6RS,./downloaded_mp3/斉藤和義_マディウォーター.mp3,2016,3,88,47.67,42.67,3,143,-0.1,-2.33,53,15
SKE48,金の愛、銀の愛,https://open.spotify.com/track/2UDcHhOrCHwnCfzgjF931x,./downloaded_mp3/SKE48_金の愛、銀の愛.mp3,2016,16,100,48.5,38.51,10,485,0.03,-2.02,33,13
GENERATIONS from EXILE TRIBE,RUN THIS TOWN,https://open.spotify.com/track/0tdo8D91CxePiaodmMeGoc,./downloaded_mp3/GENERATIONS from EXILE TRIBE_RUN THIS TOWN.mp3,2016,14,66,40.0,26.0,3,120,0.0,-2.33,52,35
Little Glee Monster,私らしく生きてみたい,https://open.spotify.com/track/74w2OiBAZdlcuNSIP3BiHi,./downloaded_mp3/Little Glee Monster_私らしく生きてみたい.mp3,2016,90,90,47.75,35.52,4,191,0.04,-2.06,54,18
ワルキューレ,絶対零度θノヴァティック,https://open.spotify.com/track/6zfq3RlcSI5ksIICvdfHXW,./downloaded_mp3/ワルキューレ_絶対零度θノヴァティック.mp3,2016,83,97,57.5,28.87,6,345,0.1,-1.78,43,35
Leola,Let it fly,https://open.spotify.com/track/1vPLfCFK5cVRRaj1uG6EcE,./downloaded_mp3/Leola_Let it fly.mp3,2016,67,78,55.0,23.51,6,330,-0.99,-0.6,28,34
クリープハイプ,鬼,https://open.spotify.com/track/2BxBTeME6J6YZwwvvplqMI,./downloaded_mp3/クリープハイプ_鬼.mp3,2016,57,87,53.83,21.84,6,323,0.28,-1.71,63,42
高橋優,光の破片,https://open.spotify.com/track/4g5ZUsd10wLBwMNnPfRIor,./downloaded_mp3/高橋優_光の破片.mp3,2016,42,88,45.8,31.26,5,229,-0.05,-1.56,49,34
"高海千歌(伊波杏樹),桜内梨子(逢田梨香子),渡辺曜(斉藤朱夏)",決めたよHand in Hand,https://open.spotify.com/track/5Tebv0qRKNlFXlxd0TiYAy,"./downloaded_mp3/高海千歌(伊波杏樹),桜内梨子(逢田梨香子),渡辺曜(斉藤朱夏)_決めたよHand in Hand.mp3",2016,28,94,50.5,39.99,4,202,0.0,-2.25,27,26
EXILE THE SECOND,Shut up!! Shut up!! Shut up!!,https://open.spotify.com/track/3QdYY6HOlQacCTvytLcX0M,./downloaded_mp3/EXILE THE SECOND_Shut up!! Shut up!! Shut up!!.mp3,2016,56,92,65.33,23.44,3,196,0.34,-2.33,33,17
FLOW,風ノ唄,https://open.spotify.com/track/5y8mKpDw0khxf6WMyJi14w,./downloaded_mp3/FLOW_風ノ唄.mp3,2016,44,90,51.25,38.43,4,205,-0.28,-2.0,58,42
Kis-My-Ft2,Sha la la☆Summer Time,https://open.spotify.com/track/5dWJkhJIbQsHjsp9IfGRRP,./downloaded_mp3/Kis-My-Ft2_Sha la la☆Summer Time.mp3,2016,38,100,62.5,38.91,4,250,-0.04,-2.35,49,24
福田こうへい,北の出世船,https://open.spotify.com/track/0LqwHfBGZuyF72XgTVRDGj,./downloaded_mp3/福田こうへい_北の出世船.mp3,2016,8,62,34.67,27.01,3,104,0.02,-2.33,32,21
氷川きよし,みれん心,https://open.spotify.com/track/1zKPAoa5REg4s19fziv3RB,./downloaded_mp3/氷川きよし_みれん心.mp3,2016,32,95,72.33,35.02,3,217,-0.38,-2.33,42,5
三山ひろし,四万十川,https://open.spotify.com/track/5AmNG76zjRUboeRdYWcAmW,./downloaded_mp3/三山ひろし_四万十川.mp3,2016,29,55,36.33,16.29,3,109,0.36,-2.33,31,22
THE YELLOW MONKEY,ALRIGHT,https://open.spotify.com/track/5zuCYFR6xBbenzO9ffPZeS,./downloaded_mp3/THE YELLOW MONKEY_ALRIGHT.mp3,2016,11,49,21.67,23.86,3,65,0.36,-2.33,50,36
QUARTET NIGHT,God's S.T.A.R.,https://open.spotify.com/track/47JmSsgONtKlI71dLXEl9q,./downloaded_mp3/QUARTET NIGHT_God's S.T.A.R..mp3,2016,99,99,87.33,13.2,3,262,-0.19,-2.33,30,34
L'Arc〜en〜Ciel,Don't be Afraid,https://open.spotify.com/track/67I6rMWqTqfH9YLxrl7Qxd,./downloaded_mp3/L'Arc〜en〜Ciel_Don't be Afraid.mp3,2016,97,97,69.6,24.5,5,348,-0.23,-1.91,58,38
雨のパレード,stage,https://open.spotify.com/track/6CMdOxcmCn4FzeJdxuzScq,./downloaded_mp3/雨のパレード_stage.mp3,2016,65,67,57.0,15.62,3,171,-0.38,-2.33,29,9
THE RAMPAGE from EXILE TRIBE,Lightning,https://open.spotify.com/track/4pvNFdAMj4doTDCPVvK6hI,./downloaded_mp3/THE RAMPAGE from EXILE TRIBE_Lightning.mp3,2016,44,99,67.71,22.21,7,474,0.07,-1.87,51,36
[Alexandros],SNOW SOUND,https://open.spotify.com/track/2S9viKFIDpk0NcbpO2OOVM,./downloaded_mp3/[Alexandros]_SNOW SOUND.mp3,2016,33,97,62.17,28.12,12,746,-0.35,-1.56,58,39
NEWS,EMMA,https://open.spotify.com/track/7w0xCG4Er4qQqABchk5Um7,./downloaded_mp3/NEWS_EMMA.mp3,2016,20,100,58.67,32.02,6,352,0.12,-1.96,54,30
Anly,カラノココロ,https://open.spotify.com/track/3uXKEQTzOngrZ1WWyMzuqO,./downloaded_mp3/Anly_カラノココロ.mp3,2016,16,54,23.4,18.65,5,117,0.67,-1.35,44,57
夜の本気ダンス,Crazy Dancer,https://open.spotify.com/track/2iM4ZRQaL44nDu3nQe3irq,./downloaded_mp3/夜の本気ダンス_Crazy Dancer.mp3,2016,8,46,32.0,20.88,3,96,-0.37,-2.33,35,44
グリーンボーイズ,キセキ,https://open.spotify.com/track/4bnWbNRukCdhhaMtx6gL3r,./downloaded_mp3/グリーンボーイズ_キセキ.mp3,2016,31,94,56.0,32.09,7,392,-0.28,-1.53,25,33
iKON,DUMB & DUMBER,https://open.spotify.com/track/3kCL6CP1znpR5RZy3i8w04,./downloaded_mp3/iKON_DUMB & DUMBER.mp3,2016,100,100,61.0,34.39,3,183,0.32,-2.33,58,21
Nulbarich,NEW ERA,https://open.spotify.com/track/1mJxoz6ErtRhtkZHVgOuK6,./downloaded_mp3/Nulbarich_NEW ERA.mp3,2016,2,65,31.33,31.72,3,94,0.13,-2.33,45,44
KANA-BOON,Wake up,https://open.spotify.com/track/48WONQu4gHFcLQwa8Jrghy,./downloaded_mp3/KANA-BOON_Wake up.mp3,2016,78,78,42.0,31.24,3,126,0.38,-2.33,62,18
BiSH,オーケストラ,https://open.spotify.com/track/2YyI6tBurS8dCVhdPkpZp3,./downloaded_mp3/BiSH_オーケストラ.mp3,2016,69,69,44.5,18.08,4,178,0.37,-1.93,49,46
